,City,City ID,Latitude,Max Temp,Humidity,Cloudiness,Wind Speed
0,Dong Hoi,1582886,17.48,81.62,75,63,5.12
1,Scottsbluff,5699404,41.87,73.4,50,1,11.41
2,Leningradskiy,2123814,69.38,48.86,66,60,7.18
3,Rikitea,4030556,-23.12,70.28,92,100,26.33
4,Puerto Ayora,3652764,-0.74,77.0,69,75,16.11
5,Cascas,3698705,-7.48,64.4,45,20,13.87
6,Norman Wells,6089245,65.28,53.6,71,75,12.75
7,Capinopolis,3467263,-18.68,76.22,31,0,7.78
8,Punta Arenas,3874787,-53.16,39.2,93,90,6.93
9,Cherskiy,2126199,68.75,62.9,52,82,6.91
10,Busselton,2075265,-33.64,52.0,72,40,14.5
11,Owando,2255542,-0.49,87.02,48,89,3.44
12,Bredasdorp,1015776,-34.53,68.0,56,67,14.99
13,Log,3197147,46.0,77.0,68,100,9.17
14,Faya,110690,18.39,80.6,73,40,11.41
15,Mattru,2409215,7.62,74.96,94,100,7.14
16,Albany,5106834,42.65,80.01,44,20,5.82
17,Severnoye,496381,54.09,65.06,84,80,5.97
18,Esperance,2071860,-33.86,46.4,93,0,8.05
19,Dikson,1507390,73.51,32.48,96,100,16.13
20,Castro,3896218,-42.48,50.0,93,90,10.29
21,Ponta do Sol,3453439,-20.63,63.44,55,0,7.78
22,Isangel,2136825,-19.55,62.6,93,40,4.7
23,Jamestown,2069194,-33.21,45.26,92,0,3.29
24,Mahebourg,934322,-20.41,73.4,88,40,7.14
25,Carnarvon,1014034,-30.97,61.1,44,0,9.98
26,Souillac,3026644,45.6,91.0,31,0,11.41
27,Richards Bay,962367,-28.77,69.38,75,0,17.34
28,Mar del Plata,3863379,-46.43,45.08,64,34,10.4
29,Bluff,2175403,-23.58,57.86,85,30,4.14
30,Erdenet,2031405,49.03,60.2,71,0,2.89
31,Cape Town,3369157,-33.93,63.0,77,75,13.87
32,Kodiak,4407665,39.95,84.0,39,1,6.93
33,Airai,1651810,-8.93,67.76,86,0,3.71
34,Acapulco,3533462,16.86,84.2,79,5,3.36
35,Yellowknife,6185377,62.45,46.4,81,75,12.75
36,Hobart,2163355,-42.88,48.2,61,20,16.11
37,Houma,1784874,35.63,68.48,75,100,8.3
38,Mayo,6068416,63.59,59.0,58,75,3.36
39,Qaanaaq,3831208,77.48,37.34,96,100,1.79
40,Vaiano,6541787,43.97,89.6,49,40,13.87
41,Soure,2733851,40.06,79.0,68,40,12.75
42,Vladimiro-Aleksandrovskoye,2013362,42.89,56.42,95,14,0.74
43,Mataura,6201424,-46.19,46.0,93,100,15.01
44,Sobolevo,525426,54.43,60.92,83,4,10.69
45,Natal,3394023,-5.81,84.2,62,40,17.22
46,Pevek,2122090,69.7,44.36,70,40,1.3
47,Yar-Sale,1486321,66.83,57.32,50,53,15.08
48,Palmer,2067070,-34.85,50.0,93,20,6.93
49,Revelstoke,6121621,50.99,57.2,87,90,0.11
50,Lagoa,2267254,37.14,75.0,73,20,19.46
51,Vaini,1273574,15.34,78.56,86,88,9.17
52,Poum,787487,41.28,80.6,42,40,10.29
53,Santa Cruz,3389673,-6.22,87.38,37,47,12.01
54,Port Alfred,964432,-33.59,64.0,72,71,8.99
55,Praia da Vitoria,3372760,38.73,71.6,94,40,6.42
56,Tacna,3928128,-18.01,60.8,82,90,2.24
57,Ahipara,2194098,-35.17,56.78,67,100,11.9
58,Sorland,3137469,67.67,55.4,82,20,9.17
59,Chokurdakh,2126123,70.62,54.62,72,0,8.28
60,Arroyo,3906466,-11.08,75.2,47,0,4.7
61,Clonakilty,2965402,51.62,66.2,77,75,6.93
62,Kapaa,5848280,22.08,78.8,83,20,13.87
63,Havre-Saint-Pierre,5972291,50.23,62.6,67,20,23.04
64,Ushuaia,3833367,-54.81,44.6,70,0,9.17
65,Hermanus,3366880,-34.42,64.0,71,86,5.99
66,Santa Marta,3668605,11.24,87.8,74,75,8.05
67,Venice,4176380,27.1,84.99,79,1,8.05
68,"Gatak,Krecek",1625812,-7.62,66.86,93,63,2.37
69,Zavodouspenskoye,1485354,56.86,66.99,68,40,4.47
70,Tapioszentmarton,3044149,47.34,75.2,38,0,9.17
71,Manadhoo,1337618,5.77,84.32,77,40,13.69
72,Los Llanos de Aridane,2514651,28.66,78.8,61,20,13.87
73,Alofi,4036284,-19.06,66.2,93,75,1.12
74,Wencheng,6972233,27.79,70.1,99,100,3.09
75,Fairbanks,5861897,64.84,66.99,77,75,4.27
76,Parker,5230309,43.4,81.0,100,1,10.29
77,Riyadh,108410,24.63,111.2,5,40,3.36
78,Tessalit,2449893,20.2,108.8,7,18,3.22
79,Dingle,1714733,11.0,75.5,86,100,2.48
80,Yurovka,466314,45.11,78.8,69,40,13.42
81,Silver City,5491487,32.77,78.8,22,1,8.05
82,Kostomuksha,543899,64.59,50.48,62,100,11.36
83,Ilulissat,3423146,69.22,55.4,55,20,4.7
84,Butaritari,2110227,3.07,82.34,75,100,9.17
85,Tasiilaq,3424607,65.61,42.8,75,5,6.93
86,Svarstad,7626348,59.4,71.6,48,0,12.75
87,Ambon,3037899,47.55,84.99,44,0,9.17
88,Coihaique,3894426,-45.58,44.6,100,90,3.36
89,Kiama,2161515,-34.67,55.0,81,18,2.24
90,New Norfolk,2155415,-42.78,48.2,61,20,16.11
91,Georgetown,3378644,6.8,87.8,79,40,11.41
92,Lompoc,5367788,34.64,63.0,82,90,4.7
93,Atuona,4020109,-9.8,79.82,65,0,9.73
94,Moses Lake,5803990,47.13,66.2,52,75,3.36
95,Sibu,1735902,2.29,75.2,88,75,4.7
96,Bambous Virieux,1106677,-20.34,73.4,88,40,7.14
97,Cabo San Lucas,3985710,22.89,90.0,39,90,11.41
98,Shahreza,417594,32.01,85.94,9,46,20.15
99,Baykit,1510689,61.68,54.44,88,66,5.97
100,Hervey Bay,2146219,-25.3,59.0,87,90,8.05
101,Sibirskiy,1538642,53.58,71.6,43,0,2.24
102,Beruwala,1249931,6.48,83.6,79,91,15.59
103,Abu Samrah,172515,35.3,89.18,33,0,21.7
104,Trogir,3188763,43.52,89.01,54,0,13.87
105,Aklavik,5882953,68.22,53.6,81,75,3.36
106,Soyo,2236967,-6.13,74.06,82,0,9.78
107,San Juan,3837213,-31.54,57.5,22,52,1.77
108,Muzhi,1498161,65.4,61.28,49,66,9.1
109,Cockburn Town,3576994,21.46,86.0,70,40,11.41
110,Guerrero Negro,4021858,27.97,64.34,85,13,5.59
111,Nouadhibou,2377457,20.93,75.2,64,0,23.04
112,Hualmay,3939761,-11.1,62.72,85,100,13.15
113,Lebu,344979,8.96,64.16,72,77,1.79
114,Hithadhoo,1282256,-0.6,84.68,76,1,12.8
115,Salekhard,1493197,66.54,59.3,50,97,14.9
116,Newport,2641598,51.59,75.0,64,75,8.05
117,Kuala Terengganu,1734705,5.33,78.8,83,75,4.7
118,Krasnoborsk,542423,61.56,59.84,92,100,3.76
119,Mount Gambier,2156643,-37.83,46.4,100,75,8.05
120,Labuhan,1641899,-2.54,70.82,86,0,1.81
121,Saskylakh,2017155,71.97,53.18,89,77,6.31
122,Thongwa,1291193,16.76,77.0,94,90,2.24
123,Vestmanna,2610343,62.16,55.4,62,20,8.05
124,Kavieng,2094342,-2.57,83.24,70,100,8.12
125,Hilo,5855927,19.71,77.0,88,90,8.05
126,Shimoda,1852357,34.7,69.01,83,98,4.0
127,Carballo,3126369,43.21,75.99,88,20,14.99
128,Booue,2401495,-0.09,86.66,48,71,3.62
129,Tautira,4033557,-17.73,75.2,83,100,6.93
130,Gigmoto,1712961,13.78,84.14,77,100,7.07
131,Barddhaman,1277029,23.25,91.0,76,100,11.79
132,Beira,3119841,43.2,75.99,88,20,14.99
133,Dukat,3184575,40.25,84.99,59,0,1.99
134,Dourbali,2433055,11.81,90.8,45,86,12.21
135,Salo,637959,60.38,64.99,87,90,8.05
136,Crotone,2524881,39.09,93.2,28,0,8.05
137,Tari,2322495,12.41,92.78,46,97,11.86
138,Harper,4696310,30.3,86.0,54,40,11.41
139,Hay River,5972762,60.82,44.6,75,75,11.41
140,Anju,1879613,39.62,66.68,70,0,3.78
141,Srandakan,1626493,-7.94,76.4,81,4,18.63
142,Teguldet,1489822,57.31,64.52,68,100,5.28
143,Kaitangata,2208248,-46.28,46.0,69,100,8.01
144,Taruma,3904666,-18.12,71.6,49,0,11.41
145,Romitan,1217662,39.93,93.2,28,0,9.17
146,Rapid Valley,5768244,44.06,81.0,73,1,2.68
147,Timbuktu,2449067,16.77,105.02,20,0,5.17
148,Chuy,3443061,-33.69,50.66,61,15,5.39
149,Vestmannaeyjar,3412093,63.44,53.6,81,20,26.4
150,Alyangula,2079582,-13.85,66.2,93,0,1.12
151,Aykhal,2027296,65.95,64.4,72,0,4.47
152,Canon City,5514709,39.46,66.2,34,1,5.82
153,Clyde River,5924351,70.47,44.6,81,40,6.93
154,Blahodatne,709835,47.7,79.28,51,95,14.05
155,Thompson,6165406,55.74,62.6,93,90,6.93
156,Saint-Philippe,6138908,45.36,79.0,53,1,5.82
157,Lima,3936456,-12.06,64.4,82,90,6.93
158,Vagur,2610806,61.47,50.84,81,87,7.38
159,Tura,2014833,64.27,58.76,76,76,13.89
160,Luderitz,3355672,-26.65,68.0,56,0,12.75
161,Dauriya,2025099,49.93,60.38,80,0,2.3
162,Kendari,1640344,-3.99,71.72,97,74,2.46
163,Concordia,3435261,-31.4,55.4,54,0,5.82
164,Ketchikan,5554428,55.34,55.4,100,90,11.41
165,Khatanga,2022572,71.98,45.62,92,100,6.8
166,Pangoa,3933104,-12.12,77.84,54,46,2.13
167,Praya,1630662,-8.71,69.8,94,20,2.24
168,Ola,2122574,59.58,47.06,89,0,4.09
169,Coquimbo,3893629,-29.95,59.0,55,100,5.03
170,Arraial do Cabo,3471451,-22.97,71.6,68,40,6.93
171,Dovers,3577911,12.88,84.2,79,40,3.36
172,Shakawe,933077,-18.36,80.72,6,0,9.64
173,Vila Velha,6320062,-3.71,86.0,58,40,21.92
174,Toora-Khem,1489401,52.47,58.58,79,99,2.35
175,Longyearbyen,2729907,78.22,53.6,71,0,4.7
176,Laguna,3581398,16.17,80.6,88,75,1.32
177,Victoria,1733782,5.28,78.8,88,75,4.7
178,Grand Baie,934482,-20.02,73.4,88,40,11.79
179,Berlevag,780687,70.86,50.0,66,0,11.41
180,Geraldton,5960603,49.72,71.6,53,90,2.24
181,Inhambane,1045114,-23.87,71.6,73,40,4.7
182,Northam,2064550,-31.65,55.4,93,75,2.44
183,Avarua,4035715,-21.21,69.8,88,0,3.36
184,Belen,5456975,34.66,75.0,60,75,5.82
185,Sola,151211,-3.17,82.34,32,92,3.74
186,Thayetmyo,1292037,19.32,76.22,92,13,5.26
187,Aranos,3358666,-24.14,72.08,12,0,11.72
188,Stabat,1213655,3.76,84.99,41,60,2.48
189,Cidreira,3466165,-30.17,56.6,60,35,5.5
190,Boyolangu,1648082,-8.09,67.4,92,6,6.17
191,Rio Grande da Serra,3451134,-23.74,70.0,52,0,3.36
192,Touros,3386213,-5.2,84.2,70,75,17.22
193,Malibu,3515001,16.77,77.0,69,90,4.7
194,Grindavik,3416888,63.84,55.4,71,75,10.29
195,Champua,1274822,22.04,80.0,79,100,9.64
196,Beringovskiy,2126710,63.05,49.76,80,51,2.24
197,Bagula,1277844,23.33,84.14,79,100,12.88
198,Hasaki,2112802,35.73,64.4,88,75,11.41
199,Barrow,3833859,-38.31,48.32,62,100,14.23
200,Fortuna,5563839,40.6,61.0,93,90,10.29
201,Great Falls,5655240,47.5,62.01,76,75,5.82
202,Rome,6539761,41.89,95.0,55,0,8.05
203,Aqtobe,610611,50.28,84.2,21,0,11.18
204,Santiago del Estero,3835869,-27.8,56.42,34,0,15.41
205,Rawson,3839307,-43.3,51.2,49,0,10.87
206,Tuktoyaktuk,6170031,69.44,41.0,93,75,2.24
207,Isiro,215771,2.77,76.76,94,66,2.13
208,Ambilobe,1082243,-13.19,76.58,85,12,4.07
209,Asuncion Mita,3599639,14.33,71.36,76,30,4.25
210,Champasak,1657819,14.89,76.76,90,54,4.92
211,Saint-Augustin,6138501,45.63,79.0,49,40,2.24
212,Bilma,2446796,18.69,101.78,17,100,5.28
213,Nanortalik,3421765,60.14,51.92,43,100,12.06
214,Puerto Madryn,3840092,-42.77,53.0,52,14,6.08
215,Usinsk,863061,66.0,61.1,52,79,14.07
216,The Valley,3573374,18.22,87.01,74,40,14.99
217,Mahon,2965139,51.89,66.2,77,75,6.93
218,Muravlenko,1540711,63.79,54.8,78,100,3.67
219,Yuncheng,1785738,35.03,70.64,68,100,5.53
220,Ust-Nera,2120048,64.57,56.96,49,100,5.06
221,Meulaboh,1214488,4.14,84.5,65,67,2.04
222,Portland,4975802,43.66,81.0,36,1,2.71
223,West Wendover,5710035,40.74,71.6,35,1,5.82
224,Binzhou,1816336,37.38,75.0,81,98,4.76
225,Egvekinot,4031742,66.32,59.84,63,15,0.83
226,Severo-Kurilsk,2121385,50.68,42.02,98,100,10.83
227,San Carlos,3616911,11.12,72.0,1,96,4.23
228,Lorengau,2092164,-2.02,80.18,80,93,10.07
229,Faanui,4034551,-16.48,78.74,83,68,16.26
230,Solnechnyy,2016307,50.72,62.18,96,72,5.91
231,Christchurch,2192362,-43.53,43.0,100,0,5.82
232,Deputatskiy,2028164,69.3,55.52,73,100,3.58
233,Nongan,2035565,44.43,68.0,88,0,2.24
234,Meadow Lake,6071421,54.13,53.6,100,90,13.87
235,Mountain Home,5601615,43.13,66.0,59,75,5.82
236,Parrita,3622537,9.52,78.8,65,75,11.41
237,Kasama,912764,-10.21,75.14,31,80,3.8
238,Pisco,3932145,-13.71,71.6,30,90,4.7
239,Kruisfontein,986717,-34.0,58.76,69,100,10.76
240,Mangrol,1263751,25.33,87.92,66,95,11.32
241,Nanyuki,184433,0.01,66.14,70,15,9.91
242,Yeniseysk,1485997,58.45,66.68,59,100,5.93
243,Nikolskoye,546105,59.7,66.0,59,75,13.42
244,Quatre Cocos,1106643,-20.21,73.4,88,40,7.14
245,Calamar,3687975,1.96,71.18,87,100,5.48
246,Victoria,1733782,5.28,78.8,88,75,4.7
247,Bubaque,2374583,11.28,80.72,81,98,15.3
248,Visnes,3131500,59.36,57.2,66,75,17.22
249,Osakarovka,1520327,50.56,69.02,43,0,7.38
250,Panaba,3521972,21.28,89.18,50,28,1.74
251,Metro,1635283,-5.11,74.78,92,82,2.68
252,Te Anau,2181625,-45.41,42.92,76,100,10.33
253,Saint George,262462,39.45,98.6,34,20,13.87
254,Poso,1630723,-1.4,60.56,94,95,3.11
255,Caravelas,3466980,-17.73,73.34,64,1,11.68
256,Hofn,2630299,64.25,48.2,76,90,12.75
257,College,5859699,64.86,68.0,77,75,4.27
258,Manavalakurichi,1263942,8.13,84.2,79,75,4.7
259,San Cristobal,3609418,14.68,75.5,76,84,2.24
260,Parana,3663516,-7.52,73.4,69,0,5.82
261,Sri Aman,1735799,1.24,77.0,94,0,1.92
262,Codrington,2160063,-28.95,55.4,93,90,5.82
263,Iguape,3461465,-24.7,62.18,68,77,2.95
264,Mnogovershinnyy,2019935,53.94,47.78,88,100,3.78
265,Butembo,217562,0.12,71.0,94,23,1.72
266,Nelson Bay,2155562,-32.72,55.99,93,0,10.29
267,Port Blair,1259385,11.67,83.78,81,100,18.03
268,Iqaluit,5983720,63.75,50.0,81,90,3.36
269,Karasjok,779350,69.47,57.2,58,0,13.87
270,Tabas,113659,33.6,109.4,8,0,2.24
271,Havelock,4470244,34.88,87.01,78,75,6.93
272,Irtyshskiy,1505495,58.33,58.76,91,80,1.7
273,Rio Gallegos,3838859,-51.62,42.8,93,90,4.7
274,Plettenberg Bay,964712,-34.05,60.92,71,90,4.25
275,Kabalo,215668,-6.05,92.78,17,0,5.97
276,Tiksi,2015306,71.64,51.2,70,100,2.57
277,Port Hardy,6111862,50.7,55.4,93,90,2.77
278,Atar,2381334,20.52,110.24,6,25,12.21
279,Sao Joao da Barra,3448903,-21.64,73.4,49,75,9.17
280,Littlehampton,2067621,-35.05,50.0,93,20,6.93
281,Bida,2347209,9.08,82.88,79,52,4.41
282,Onega,515246,63.91,59.84,58,7,11.79
283,Saldanha,2737599,41.42,82.34,38,23,12.66
284,Naze,2337542,5.43,78.56,83,100,7.56
285,Wamba,204318,2.14,78.56,80,24,1.36
286,Athabasca,5887916,54.72,53.72,79,100,2.42
287,Zhigansk,2012530,66.77,61.28,86,0,9.35
288,Davila,1715335,18.47,78.8,83,75,4.7
289,Alice Springs,2077895,-23.7,48.2,76,0,5.82
290,Kushima,1895695,31.5,73.0,83,96,3.0
291,Nishihara,1850144,35.74,69.01,77,90,4.7
292,Buckeye,5287262,33.37,90.0,14,1,6.93
293,Novosergiyevka,517982,52.08,74.78,55,65,7.31
294,Numan,2328617,9.46,82.52,73,100,5.03
295,Taoudenni,2450173,22.68,114.92,7,25,6.8
296,Vredendal,3359736,-31.68,57.86,85,0,4.23
297,Perth,2063523,-31.95,57.99,93,75,15.14
298,Kiboga,231550,0.92,75.68,70,41,2.44
299,Port Lincoln,2063036,-34.72,58.76,76,0,9.26
300,Port Macquarie,2152659,-31.43,53.01,100,1,4.7
301,Votkinsk,471430,57.05,59.0,84,19,3.0
302,That Phanom,1605483,16.94,78.02,87,100,10.94
303,Port Elizabeth,4501427,39.31,75.99,88,40,12.75
304,Motygino,1498314,58.18,64.88,60,73,5.37
305,Eden,2167799,-37.06,45.0,93,0,5.82
306,Itarema,3393692,-2.92,87.92,55,70,9.51
307,Oranjemund,3354071,-28.55,56.42,80,52,18.88
308,Bathsheba,3374083,13.22,87.8,66,40,19.46
309,Salalah,286621,17.01,86.0,84,20,11.41
310,Upernavik,3418910,72.79,42.56,72,100,10.96
311,Ulaanbaatar,2028462,47.92,53.6,58,0,2.24
312,Ashqelon,295620,31.67,86.0,66,0,9.17
313,Linhares,3458498,-19.38,73.34,53,0,8.59
314,Nome,4732862,30.04,91.4,59,40,4.7
315,Yamada,1849876,36.58,73.0,94,75,3.36
316,Yarensk,468983,62.17,64.52,55,75,5.91
317,Tezu,1254709,27.93,70.64,96,100,1.92
318,Abonnema,2324433,4.71,78.38,82,96,11.25
319,Whyalla,2058430,-33.04,41.0,93,0,5.82
320,Carutapera,3402648,-1.2,83.96,68,63,7.65
321,Mae Sai,1152194,20.44,78.8,100,20,1.81
322,Pilar,3427208,-34.46,55.0,57,0,5.82
323,Kindu,212902,-2.95,87.2,45,91,1.1
324,Huilong,1784131,31.15,67.22,95,35,2.19
325,Bandar-e Lengeh,141665,26.56,95.0,67,0,11.41
326,Tiarei,4033356,-17.53,75.2,83,100,6.93
327,Swan River,6160362,52.11,64.88,88,100,2.64
328,Chumikan,2025256,54.72,45.62,95,100,4.38
329,Vila Franca do Campo,3372472,37.72,69.8,94,75,14.99
330,Chabahar,1161724,25.29,84.32,81,0,6.17
331,Marawi,1701054,8.0,75.0,92,100,5.99
332,Luneville,2997110,48.6,73.4,27,0,9.17
333,Hirara,1862505,24.8,83.96,87,100,13.44
334,Inhuma,3398178,-6.67,88.64,38,0,9.44
335,Hebi,1808770,35.75,74.78,56,98,2.35
336,Gamba,1281256,28.28,49.22,57,100,8.55
337,East London,1006984,-33.02,66.2,63,0,14.99
338,Tolaga Bay,2180991,-38.37,39.86,98,14,2.57
339,Sur,286245,22.57,88.46,60,0,5.82
340,Okhotsk,2122605,59.36,44.18,90,3,3.49
341,Ambunti,2100933,-4.22,72.98,95,100,0.43
342,Saint-Joseph,3037456,43.56,98.6,66,0,6.93
343,Lahaina,5849996,20.87,78.8,83,40,14.99
344,Ionia,4997191,42.99,77.0,52,1,4.7
345,Narsaq,3421719,60.91,68.0,19,75,28.86
346,Smithers,6149996,54.78,53.6,100,90,3.36
347,Pucallpa,3693345,-8.38,35.6,331,40,4.7
348,Camopi,3382226,3.17,87.2,53,0,4.25
349,Mercedes,3441684,-33.25,55.99,50,3,4.0
350,Mto wa Mbu,152743,-3.38,77.12,42,0,12.84
351,Murray Bridge,2065176,-35.12,50.0,90,0,4.0
352,Belmonte,8010472,40.36,79.0,31,28,8.48
353,Abeche,245785,13.83,88.1,50,100,15.19
354,Biak,1637001,-0.91,62.36,99,77,4.07
355,Sitka,4267710,37.17,72.0,96,96,11.01
356,Imeni Zhelyabova,556430,58.95,63.62,84,99,5.17
357,Constitucion,4011743,23.99,66.99,72,90,8.93
358,Seoul,1835848,37.57,73.4,64,0,6.93
359,Olean,5129780,42.08,75.99,60,1,4.7
360,Ribeira Grande,3372707,38.52,73.4,73,20,13.87
361,Buin,3897774,-33.73,50.0,81,75,3.36
362,Tupelo,4448903,34.26,88.0,55,1,3.36
363,Caratinga,3466988,-19.79,73.4,40,0,5.82
364,Tual,1623197,-5.67,78.38,85,53,19.66
365,Margate,2158744,-43.03,48.2,61,20,16.11
366,Ouadda,236901,8.07,72.26,85,100,4.52
367,Pokhara,1282898,28.21,58.94,98,100,1.45
368,Miandrivazo,1059051,-19.53,71.36,60,1,4.25
369,San Patricio,3437029,-26.98,59.48,56,0,7.99
370,Kavaratti,1267390,10.57,83.42,82,100,15.46
371,Katangli,2122783,51.71,42.2,97,46,6.08
372,Provideniya,4031574,64.42,61.46,40,72,6.11
373,Tadine,2138285,-21.55,67.94,74,81,19.46
374,Chapais,5919850,49.78,73.4,38,20,18.34
375,Rio Verde de Mato Grosso,3451051,-18.92,71.54,31,0,4.81
376,Bethanien,3358416,-26.5,72.8,10,14,11.21
377,Ogbomosho,2327735,8.13,78.02,81,97,10.16
378,Progreso,3440963,-34.68,53.6,54,0,6.93
379,Karratha,6620339,-20.74,67.04,46,0,4.0
380,Haines Junction,5969025,60.75,59.12,54,100,2.86
381,Namatanai,2090021,-3.66,78.92,83,100,15.48
382,Ngunguru,2186111,-35.62,45.0,93,100,1.99
383,Dalipey,1715962,16.8,75.32,87,100,2.8
384,Karaikkudi,1267885,10.07,86.66,61,100,7.31
385,Tangshan,1793346,39.63,77.84,55,99,2.24
386,Mount Isa,2065594,-20.73,68.0,56,90,5.82
387,Sovetskiy,490040,56.76,66.32,75,0,4.29
388,Ilhabela,3461425,-23.78,67.4,60,0,8.23
389,Rorvik,3141310,64.86,57.2,82,75,8.05
390,San Angelo,5530022,31.46,80.01,88,90,4.7
391,Klaksvik,2618795,62.23,55.4,62,20,8.05
392,Peleduy,2018069,59.63,65.06,60,45,1.14
393,Havoysund,779622,71.0,59.0,51,0,10.29
394,Port Hedland,2063042,-20.31,62.6,72,0,8.05
395,Tottori,1849892,35.5,68.12,95,100,2.62
396,Sao Filipe,3374210,14.9,72.98,78,75,14.63
397,Bella Union,3681990,8.5,77.84,72,100,3.53
398,Zhangjiakou,2033196,40.77,61.1,67,100,10.74
399,Kapit,1737185,2.02,73.16,95,100,1.05
400,Road Town,3577430,18.42,87.8,74,75,10.29
401,Kasongo,213940,-4.43,94.76,20,41,6.49
402,San Cayetano,3669981,5.33,78.2,57,100,2.37
403,Nemuro,2128975,43.32,52.46,88,9,4.68
404,Staryy Nadym,1490918,65.61,55.52,55,89,16.93
405,Rosetta,350203,31.4,86.0,48,0,13.87
406,San Jeronimo,3929607,-13.65,51.8,50,75,4.61
407,La Ronge,6050066,55.1,57.2,76,75,10.29
408,Matagami,2335713,9.67,76.58,84,79,3.67
409,Bethel,5880568,60.79,62.6,100,1,3.36
410,Sambava,1056899,-14.27,69.56,91,1,1.43
411,Ostrovnoy,556268,68.05,41.12,87,94,14.0
412,Praia,3460954,-20.25,68.0,45,0,10.29
413,Beloha,1067565,-25.17,68.12,71,0,10.13
414,Torbay,6167817,47.66,73.99,37,20,14.99
415,Shinpokh,1165057,34.33,91.4,41,1,2.24
416,Djibo,2361177,14.1,100.88,22,2,10.11
417,Amarante do Maranhao,3407755,-5.57,83.06,74,0,2.21
418,Bama,1817135,24.14,77.66,93,100,0.92
419,Port Augusta,2063056,-32.49,41.0,93,0,5.82
420,Ushtobe,1517637,45.25,88.1,21,5,3.24
421,Talnakh,1490256,69.49,51.8,66,0,29.08
422,Amot,3163198,59.57,71.6,37,75,2.24
423,Lamin,2412749,13.35,86.0,66,75,11.41
424,Ati,2436400,13.21,93.32,42,21,12.97
425,Tigil,2120612,57.8,47.96,85,100,2.73
426,Lyubytino,532463,58.81,62.0,87,100,3.65
427,Burgdorf,2661321,47.06,75.2,60,40,6.93
428,Juliaca,3937513,-15.49,53.6,25,0,2.24
429,Waiuku,2179756,-37.25,51.01,100,100,2.24
430,Beberibe,3405924,-4.18,86.0,58,40,21.92
431,Bulgan,2032201,48.81,58.4,72,13,2.73
432,Thinadhoo,1337610,0.53,84.5,76,22,13.85
433,Kachug,2023333,53.96,60.74,48,29,1.66
434,Lewistown,4899665,40.39,81.0,61,1,4.7
435,Goundam,2456917,16.42,105.38,20,0,8.37
436,Yermish,467252,54.77,68.48,70,37,6.78
437,Bayan,1813029,36.1,50.48,85,100,2.06
438,Otjimbingwe,3353871,-22.35,85.04,3,0,3.62
439,Rochester,5043473,44.02,82.0,53,1,8.05
440,Huntsville,4068590,34.73,88.0,70,1,5.82
441,Talaya,1485724,55.79,66.2,68,0,6.71
442,Loreto,3438834,-23.27,65.6,44,0,6.38
443,Pundaguitan,1698289,6.37,82.52,77,52,10.51
444,Broome,2656067,52.47,70.0,51,0,6.93
445,Elko,5703670,40.83,66.99,55,75,4.7
446,Kupang,2057087,-10.16,77.0,73,20,12.75
447,Dunmore East,2964492,52.15,64.99,84,100,5.01
448,Betsiamites,6945992,48.94,73.4,56,75,12.75
449,Dharchula,1272864,29.85,58.94,98,100,1.83
450,Evansville,4257227,37.97,84.99,66,40,5.82
451,San Policarpo,1688696,12.18,79.1,87,100,3.91
452,Muisne,3653967,0.61,80.6,83,75,4.7
453,Yulara,6355222,-25.24,48.2,49,0,5.39
454,Fort Myers Beach,4155996,26.45,87.01,88,75,6.93
455,Vostok,2013279,46.45,64.88,91,2,3.58
456,Umm Lajj,100926,25.02,84.86,80,0,10.54
457,Jiangkou,1814934,30.7,74.06,79,100,1.66
458,Boyuibe,3923015,-20.43,64.4,63,0,7.0
459,Hastings,2190224,-39.64,36.8,95,43,2.06
460,Christiansburg,4752665,37.13,87.8,69,75,3.36
461,Nabire,1634614,-3.36,70.28,99,100,2.64
462,Kawalu,1640902,-7.38,67.22,93,90,3.31
463,Jiayuguan,1280957,39.77,68.84,38,56,12.24
464,Comodoro Rivadavia,3860443,-45.87,48.2,70,0,2.82
465,Kushchevskaya,538416,46.56,88.1,27,0,12.08
466,Dzhebariki-Khaya,2024626,62.22,63.26,55,25,8.39
467,Makarov,2123614,48.62,52.64,97,97,2.93
468,Remontnoye,502185,46.56,93.2,20,0,15.66
469,Saint-Pierre,2995603,48.95,75.99,30,0,16.11
470,Dunedin,2191562,-45.87,44.01,69,96,1.99
471,Koumac,2140558,-20.56,69.38,71,69,13.56
472,Chara,262462,39.42,98.6,34,20,13.87
473,Altamira,3407882,-3.2,84.2,74,75,3.36
474,Ewa Beach,5855051,21.32,80.6,94,75,5.82
475,Abu Dhabi,292968,24.47,96.8,71,0,8.05
476,Kosh-Agach,1502422,49.99,54.26,75,97,8.37
477,Anadyr,2127202,64.73,50.0,87,0,8.95
478,Gat,2249901,14.69,86.0,58,20,12.75
479,Bengbu,1816440,32.92,76.04,75,100,8.16
480,Hambantota,1244926,6.12,82.4,94,40,11.41
481,Aksarka,1512019,66.56,58.58,49,99,12.91
482,Russell,4278471,38.9,84.0,69,1,17.22
483,Pampierstad,966380,-27.78,64.52,25,0,9.37
484,Uong Bi,1563241,21.03,89.6,75,0,10.29
485,Mus,6431346,43.74,95.0,35,75,11.41
486,Arica,3899361,-18.48,60.8,72,90,2.24
487,Batemans Bay,2176639,-35.71,46.99,96,0,1.01
488,Champerico,3530097,16.38,77.0,69,90,4.7
489,Nyurba,2018735,63.29,62.36,79,32,3.62
490,Garowe,58933,8.41,91.7,32,4,19.33
491,Awbari,2219235,26.59,101.06,7,0,11.12
492,Mehamn,778707,71.03,50.0,71,0,6.93
493,Henties Bay,3356832,-22.12,59.0,84,0,4.0
494,Camacha,2270385,33.08,73.4,56,20,17.22
495,Igarka,1505991,67.47,58.94,63,100,13.51
496,Ofunato,2111530,39.11,51.92,96,65,2.46
497,Arys,1526168,42.43,87.8,25,0,6.71
498,Kaka,161901,37.35,102.5,14,3,5.32
499,Tilichiki,2120591,60.47,49.58,93,100,2.17
500,Torata,3651356,-3.6,89.6,83,75,2.37
501,Wadi Maliz,2464157,36.47,104.0,14,40,8.05
502,Gushikawa,1863495,26.35,82.4,88,40,3.36
503,San Pedro de Uraba,3669087,8.28,82.4,78,75,11.41
504,Moshi,153209,-3.36,78.56,45,58,9.42
505,Leh,1264976,34.16,41.84,49,0,5.91
506,Suhbaatar,2029156,50.23,64.88,40,0,3.76
507,Saint-Georges,6295855,46.12,75.0,45,0,5.99
508,Goderich,5962442,43.74,77.0,69,0,1.01
509,Ambulu,1621313,-8.35,75.68,79,30,14.83
510,Verkhnevilyuysk,2013639,63.45,61.1,93,89,4.18
511,Banyo,2234794,6.75,67.76,94,100,4.16
512,Deer Lake,5937252,49.18,69.8,43,20,21.92
513,Porangatu,3453014,-13.44,90.08,29,11,5.46
514,Kirensk,2022083,57.78,61.28,69,19,0.76
515,Auki,2339937,12.18,87.38,51,60,10.09
516,Tomatlan,3981391,19.93,81.8,68,10,3.42
517,Jalu,86049,29.03,101.6,14,0,11.36
518,Wasilla,5877641,61.58,66.99,72,1,1.03
519,Penticton,6101141,49.49,64.99,55,40,6.93
520,Ozernovskiy,2122293,51.5,42.2,95,100,2.75
521,Chilliwack,5921357,49.17,64.0,77,75,5.82
522,Saa,2322552,7.32,76.04,89,100,2.35
523,Borovskoy,1525121,53.8,63.62,75,33,9.13
524,Westerland,2757220,52.89,64.0,67,75,14.99
525,Vallenar,3868633,-28.58,60.92,54,100,3.69
526,Irbeyskoye,1505529,55.64,61.46,72,31,1.97
527,Agadez,2448085,16.97,86.0,55,21,20.8
528,Brigg,2654721,53.55,70.0,67,20,9.17
529,Namibe,3347019,-15.19,69.8,73,40,11.41
530,Yerbogachen,2012956,61.28,66.86,60,57,5.91
531,Muroto,1856392,33.37,68.48,98,100,1.19
532,Angoche,1052944,-16.23,69.74,64,67,5.06
533,Dhidhdhoo,1337612,6.88,83.96,78,31,11.23
534,Masty,625367,53.42,64.4,63,75,20.13
535,Half Moon Bay,5354943,37.46,63.0,67,75,3.36
536,Chico,5336269,39.73,66.99,59,40,2.68
537,Boa Vista,3664980,2.82,82.4,74,75,5.82
538,Buncrana,2654332,55.14,60.8,87,75,8.05
539,Nieuw Amsterdam,3383434,5.88,89.6,52,40,6.93
540,Tutoia,3385899,-2.76,87.02,59,44,6.46
541,Xinmin,2033675,42.0,71.6,83,75,4.47
542,Abulug,1732333,18.45,74.6,79,93,4.32
543,Fort Nelson,5955902,58.81,50.0,81,75,2.24
544,Yarmouth,6185217,43.84,71.6,56,20,10.29
545,Pomabamba,3693468,-8.82,40.94,74,80,7.76
546,Ibotirama,3461525,-12.18,83.6,41,7,10.4
547,Cayenne,3382160,4.94,87.8,62,27,12.75
548,Tazovskiy,1489853,67.47,50.48,60,15,16.31
549,Acajutla,3587498,13.59,82.52,71,100,4.27
550,Rocha,3440777,-34.48,53.18,57,33,3.8
551,Kungurtug,1501377,50.6,55.7,69,97,2.73
552,Dudinka,1507116,69.41,51.8,66,0,29.08
553,Wilmington,4145381,39.75,72.0,94,90,12.75
554,Sena Madureira,3662155,-9.07,77.12,46,54,3.62
555,Kloulklubed,7671223,7.04,83.96,67,26,2.06
556,Awjilah,88533,29.14,100.88,15,0,12.91
